{
    "19": {
        "original_rows": [
            6,
            24,
            29,
            82,
            119,
            132,
            154,
            177,
            199,
            201,
            230,
            268,
            273,
            281,
            330,
            334,
            360,
            362,
            380,
            402,
            417,
            432,
            439,
            470,
            475,
            481,
            518,
            530,
            534,
            560,
            596,
            628,
            634,
            659,
            668,
            675,
            693,
            705,
            706,
            739,
            750
        ],
        "locations": [
            {
                "shard": 0,
                "split": 0,
                "rows": [
                    668,
                    199,
                    281
                ]
            },
            {
                "shard": 0,
                "split": 1,
                "rows": [
                    362,
                    470,
                    659,
                    706
                ]
            },
            {
                "shard": 0,
                "split": 2,
                "rows": [
                    534,
                    432,
                    6
                ]
            },
            {
                "shard": 1,
                "split": 0,
                "rows": [
                    132,
                    481,
                    24,
                    82,
                    334,
                    29
                ]
            },
            {
                "shard": 1,
                "split": 1,
                "rows": [
                    439,
                    380,
                    417,
                    675,
                    705,
                    518,
                    177,
                    360
                ]
            },
            {
                "shard": 1,
                "split": 2,
                "rows": [
                    530,
                    268
                ]
            },
            {
                "shard": 2,
                "split": 0,
                "rows": [
                    739,
                    154
                ]
            },
            {
                "shard": 2,
                "split": 1,
                "rows": [
                    628
                ]
            },
            {
                "shard": 2,
                "split": 2,
                "rows": [
                    119
                ]
            },
            {
                "shard": 3,
                "split": 0,
                "rows": [
                    402,
                    596,
                    634,
                    693
                ]
            },
            {
                "shard": 3,
                "split": 1,
                "rows": [
                    230,
                    201
                ]
            },
            {
                "shard": 3,
                "split": 2,
                "rows": [
                    273,
                    750,
                    475,
                    560,
                    330
                ]
            }
        ]
    },
    "1": {
        "original_rows": [
            16,
            75,
            78,
            87,
            97,
            104,
            110,
            142,
            143,
            153,
            175,
            176,
            192,
            206,
            211,
            222,
            235,
            255,
            257,
            265,
            276,
            278,
            295,
            297,
            311,
            324,
            342,
            366,
            367,
            373,
            394,
            403,
            415,
            416,
            422,
            423,
            522,
            544,
            548,
            568,
            587,
            604,
            605,
            612,
            616,
            633,
            638,
            648,
            672,
            711,
            727
        ],
        "locations": [
            {
                "shard": 0,
                "split": 0,
                "rows": [
                    324,
                    97,
                    568,
                    265,
                    604,
                    544,
                    78
                ]
            },
            {
                "shard": 0,
                "split": 1,
                "rows": [
                    211,
                    587,
                    192,
                    548,
                    394,
                    605
                ]
            },
            {
                "shard": 0,
                "split": 2,
                "rows": [
                    648,
                    235
                ]
            },
            {
                "shard": 1,
                "split": 0,
                "rows": [
                    110,
                    311
                ]
            },
            {
                "shard": 1,
                "split": 1,
                "rows": [
                    176,
                    104,
                    257,
                    616,
                    367,
                    342
                ]
            },
            {
                "shard": 1,
                "split": 2,
                "rows": [
                    522,
                    153,
                    75,
                    422,
                    633,
                    672,
                    278,
                    711
                ]
            },
            {
                "shard": 2,
                "split": 0,
                "rows": [
                    727,
                    423,
                    142,
                    416,
                    638,
                    222
                ]
            },
            {
                "shard": 2,
                "split": 1,
                "rows": [
                    255,
                    16,
                    175
                ]
            },
            {
                "shard": 2,
                "split": 2,
                "rows": [
                    403,
                    297,
                    143
                ]
            },
            {
                "shard": 3,
                "split": 0,
                "rows": [
                    415,
                    373
                ]
            },
            {
                "shard": 3,
                "split": 1,
                "rows": [
                    206,
                    612,
                    295
                ]
            },
            {
                "shard": 3,
                "split": 2,
                "rows": [
                    366,
                    276,
                    87
                ]
            }
        ]
    },
    "5": {
        "original_rows": [
            28,
            88,
            99,
            106,
            111,
            124,
            152,
            168,
            174,
            185,
            225,
            226,
            279,
            291,
            341,
            346,
            363,
            376,
            381,
            383,
            388,
            395,
            397,
            404,
            419,
            449,
            459,
            484,
            495,
            515,
            516,
            557,
            582,
            597,
            603,
            620,
            621,
            624,
            625,
            650,
            655,
            677,
            684,
            707,
            712,
            752
        ],
        "locations": [
            {
                "shard": 0,
                "split": 0,
                "rows": [
                    624,
                    363,
                    582,
                    516,
                    404
                ]
            },
            {
                "shard": 0,
                "split": 1,
                "rows": [
                    174,
                    620,
                    168,
                    383
                ]
            },
            {
                "shard": 0,
                "split": 2,
                "rows": [
                    603,
                    677,
                    346,
                    28
                ]
            },
            {
                "shard": 1,
                "split": 0,
                "rows": [
                    291,
                    395,
                    449,
                    557
                ]
            },
            {
                "shard": 1,
                "split": 1,
                "rows": [
                    707,
                    381,
                    388,
                    752
                ]
            },
            {
                "shard": 1,
                "split": 2,
                "rows": [
                    88
                ]
            },
            {
                "shard": 2,
                "split": 0,
                "rows": [
                    124,
                    185,
                    495,
                    341
                ]
            },
            {
                "shard": 2,
                "split": 1,
                "rows": [
                    621,
                    515,
                    225,
                    655
                ]
            },
            {
                "shard": 2,
                "split": 2,
                "rows": [
                    152,
                    111,
                    226,
                    419,
                    650,
                    597,
                    625,
                    684,
                    712,
                    279
                ]
            },
            {
                "shard": 3,
                "split": 0,
                "rows": [
                    376
                ]
            },
            {
                "shard": 3,
                "split": 1,
                "rows": [
                    397
                ]
            },
            {
                "shard": 3,
                "split": 2,
                "rows": [
                    484,
                    459,
                    99,
                    106
                ]
            }
        ]
    },
    "11": {
        "original_rows": [
            3,
            7,
            8,
            81,
            128,
            140,
            182,
            189,
            212,
            237,
            313,
            340,
            418,
            426,
            445,
            497,
            498,
            556,
            571,
            609,
            658,
            689,
            690,
            692,
            696,
            723,
            744
        ],
        "locations": [
            {
                "shard": 0,
                "split": 0,
                "rows": [
                    690,
                    212,
                    692
                ]
            },
            {
                "shard": 0,
                "split": 1,
                "rows": [
                    81,
                    7
                ]
            },
            {
                "shard": 0,
                "split": 2,
                "rows": [
                    340
                ]
            },
            {
                "shard": 1,
                "split": 0,
                "rows": [
                    497,
                    140,
                    182
                ]
            },
            {
                "shard": 1,
                "split": 1,
                "rows": [
                    426
                ]
            },
            {
                "shard": 1,
                "split": 2,
                "rows": [
                    696,
                    445,
                    689
                ]
            },
            {
                "shard": 2,
                "split": 1,
                "rows": [
                    3,
                    237,
                    571
                ]
            },
            {
                "shard": 2,
                "split": 2,
                "rows": [
                    723,
                    8
                ]
            },
            {
                "shard": 3,
                "split": 0,
                "rows": [
                    609,
                    744,
                    658,
                    556
                ]
            },
            {
                "shard": 3,
                "split": 1,
                "rows": [
                    418,
                    498,
                    128
                ]
            },
            {
                "shard": 3,
                "split": 2,
                "rows": [
                    189,
                    313
                ]
            }
        ]
    },
    "12": {
        "original_rows": [
            13,
            17,
            18,
            25,
            42,
            57,
            79,
            95,
            101,
            137,
            138,
            156,
            163,
            179,
            224,
            267,
            286,
            329,
            344,
            345,
            365,
            378,
            389,
            412,
            420,
            427,
            429,
            460,
            473,
            476,
            486,
            501,
            504,
            531,
            551,
            572,
            577,
            647,
            649,
            714,
            757
        ],
        "locations": [
            {
                "shard": 0,
                "split": 0,
                "rows": [
                    473,
                    501
                ]
            },
            {
                "shard": 0,
                "split": 1,
                "rows": [
                    137,
                    101
                ]
            },
            {
                "shard": 0,
                "split": 2,
                "rows": [
                    714,
                    79,
                    486,
                    344,
                    286
                ]
            },
            {
                "shard": 1,
                "split": 0,
                "rows": [
                    572,
                    329,
                    18,
                    429
                ]
            },
            {
                "shard": 1,
                "split": 1,
                "rows": [
                    412,
                    163,
                    42
                ]
            },
            {
                "shard": 1,
                "split": 2,
                "rows": [
                    365,
                    649,
                    420
                ]
            },
            {
                "shard": 2,
                "split": 0,
                "rows": [
                    179,
                    757,
                    25,
                    57,
                    531
                ]
            },
            {
                "shard": 2,
                "split": 1,
                "rows": [
                    17
                ]
            },
            {
                "shard": 2,
                "split": 2,
                "rows": [
                    551
                ]
            },
            {
                "shard": 3,
                "split": 0,
                "rows": [
                    267,
                    224,
                    577,
                    95,
                    460
                ]
            },
            {
                "shard": 3,
                "split": 1,
                "rows": [
                    378,
                    138,
                    647,
                    156,
                    476,
                    389
                ]
            },
            {
                "shard": 3,
                "split": 2,
                "rows": [
                    427,
                    345,
                    13,
                    504
                ]
            }
        ]
    },
    "20": {
        "original_rows": [
            1,
            26,
            39,
            122,
            139,
            144,
            159,
            162,
            186,
            197,
            202,
            204,
            219,
            234,
            236,
            243,
            260,
            296,
            323,
            336,
            351,
            355,
            387,
            400,
            411,
            467,
            480,
            487,
            523,
            540,
            561,
            588,
            670,
            683,
            731,
            760
        ],
        "locations": [
            {
                "shard": 0,
                "split": 0,
                "rows": [
                    204,
                    336,
                    760,
                    39,
                    487,
                    234
                ]
            },
            {
                "shard": 0,
                "split": 1,
                "rows": [
                    411
                ]
            },
            {
                "shard": 0,
                "split": 2,
                "rows": [
                    731,
                    355,
                    296,
                    260
                ]
            },
            {
                "shard": 1,
                "split": 0,
                "rows": [
                    323,
                    351,
                    139
                ]
            },
            {
                "shard": 1,
                "split": 2,
                "rows": [
                    236,
                    144
                ]
            },
            {
                "shard": 2,
                "split": 1,
                "rows": [
                    523,
                    467,
                    480,
                    26
                ]
            },
            {
                "shard": 2,
                "split": 2,
                "rows": [
                    162,
                    186,
                    197,
                    400,
                    122,
                    202
                ]
            },
            {
                "shard": 3,
                "split": 0,
                "rows": [
                    683,
                    219,
                    588,
                    670,
                    159,
                    540
                ]
            },
            {
                "shard": 3,
                "split": 1,
                "rows": [
                    1,
                    561
                ]
            },
            {
                "shard": 3,
                "split": 2,
                "rows": [
                    387,
                    243
                ]
            }
        ]
    },
    "7": {
        "original_rows": [
            0,
            5,
            30,
            32,
            41,
            76,
            90,
            92,
            113,
            120,
            125,
            131,
            141,
            148,
            164,
            203,
            208,
            216,
            262,
            315,
            320,
            347,
            375,
            392,
            441,
            458,
            478,
            490,
            493,
            507,
            525,
            532,
            535,
            543,
            643,
            660,
            740,
            754,
            756
        ],
        "locations": [
            {
                "shard": 0,
                "split": 0,
                "rows": [
                    148,
                    208,
                    120,
                    30,
                    375,
                    754
                ]
            },
            {
                "shard": 0,
                "split": 1,
                "rows": [
                    490,
                    76
                ]
            },
            {
                "shard": 0,
                "split": 2,
                "rows": [
                    535,
                    90,
                    131,
                    164
                ]
            },
            {
                "shard": 1,
                "split": 0,
                "rows": [
                    41
                ]
            },
            {
                "shard": 1,
                "split": 1,
                "rows": [
                    525,
                    643,
                    92,
                    532,
                    478,
                    203
                ]
            },
            {
                "shard": 1,
                "split": 2,
                "rows": [
                    125,
                    0
                ]
            },
            {
                "shard": 2,
                "split": 0,
                "rows": [
                    141,
                    493,
                    320,
                    507,
                    113
                ]
            },
            {
                "shard": 2,
                "split": 1,
                "rows": [
                    5,
                    543,
                    740
                ]
            },
            {
                "shard": 2,
                "split": 2,
                "rows": [
                    262
                ]
            },
            {
                "shard": 3,
                "split": 0,
                "rows": [
                    441,
                    347,
                    756,
                    660
                ]
            },
            {
                "shard": 3,
                "split": 1,
                "rows": [
                    392,
                    32,
                    216
                ]
            },
            {
                "shard": 3,
                "split": 2,
                "rows": [
                    315,
                    458
                ]
            }
        ]
    },
    "15": {
        "original_rows": [
            2,
            22,
            23,
            40,
            44,
            63,
            70,
            73,
            107,
            115,
            116,
            127,
            157,
            277,
            305,
            331,
            339,
            352,
            368,
            384,
            482,
            500,
            554,
            563,
            567,
            598,
            607,
            653,
            654,
            667,
            673,
            694,
            721,
            722,
            732,
            733,
            742,
            745,
            751,
            767
        ],
        "locations": [
            {
                "shard": 0,
                "split": 0,
                "rows": [
                    667,
                    482
                ]
            },
            {
                "shard": 0,
                "split": 1,
                "rows": [
                    331,
                    63,
                    23
                ]
            },
            {
                "shard": 0,
                "split": 2,
                "rows": [
                    2,
                    694,
                    44,
                    70,
                    673,
                    745,
                    554
                ]
            },
            {
                "shard": 1,
                "split": 0,
                "rows": [
                    73,
                    352
                ]
            },
            {
                "shard": 1,
                "split": 1,
                "rows": [
                    22,
                    751,
                    500
                ]
            },
            {
                "shard": 1,
                "split": 2,
                "rows": [
                    277,
                    654,
                    368,
                    116,
                    598,
                    767,
                    107
                ]
            },
            {
                "shard": 2,
                "split": 0,
                "rows": [
                    305
                ]
            },
            {
                "shard": 2,
                "split": 1,
                "rows": [
                    115,
                    732,
                    607,
                    157,
                    127
                ]
            },
            {
                "shard": 2,
                "split": 2,
                "rows": [
                    742,
                    721,
                    567,
                    733
                ]
            },
            {
                "shard": 3,
                "split": 0,
                "rows": [
                    384,
                    722,
                    563
                ]
            },
            {
                "shard": 3,
                "split": 1,
                "rows": [
                    653,
                    40
                ]
            },
            {
                "shard": 3,
                "split": 2,
                "rows": [
                    339
                ]
            }
        ]
    },
    "16": {
        "original_rows": [
            21,
            62,
            67,
            98,
            190,
            191,
            195,
            217,
            218,
            223,
            231,
            232,
            245,
            252,
            259,
            266,
            280,
            314,
            327,
            356,
            370,
            374,
            379,
            390,
            391,
            407,
            408,
            454,
            468,
            483,
            489,
            520,
            555,
            570,
            574,
            590,
            617,
            652,
            691,
            695,
            697,
            724
        ],
        "locations": [
            {
                "shard": 0,
                "split": 0,
                "rows": [
                    356,
                    67
                ]
            },
            {
                "shard": 0,
                "split": 1,
                "rows": [
                    483,
                    468,
                    314,
                    259
                ]
            },
            {
                "shard": 0,
                "split": 2,
                "rows": [
                    691,
                    617,
                    218,
                    231
                ]
            },
            {
                "shard": 1,
                "split": 0,
                "rows": [
                    327,
                    266,
                    223
                ]
            },
            {
                "shard": 1,
                "split": 1,
                "rows": [
                    570
                ]
            },
            {
                "shard": 1,
                "split": 2,
                "rows": [
                    695,
                    195
                ]
            },
            {
                "shard": 2,
                "split": 0,
                "rows": [
                    724,
                    390,
                    407,
                    408,
                    245,
                    590,
                    280
                ]
            },
            {
                "shard": 2,
                "split": 1,
                "rows": [
                    190,
                    374,
                    370
                ]
            },
            {
                "shard": 3,
                "split": 0,
                "rows": [
                    697,
                    232,
                    652,
                    574
                ]
            },
            {
                "shard": 3,
                "split": 1,
                "rows": [
                    217,
                    98,
                    489,
                    391,
                    62,
                    520,
                    379,
                    555
                ]
            },
            {
                "shard": 3,
                "split": 2,
                "rows": [
                    454,
                    252,
                    21,
                    191
                ]
            }
        ]
    },
    "17": {
        "original_rows": [
            19,
            47,
            83,
            121,
            160,
            161,
            167,
            169,
            170,
            171,
            183,
            220,
            238,
            264,
            284,
            285,
            292,
            309,
            335,
            361,
            385,
            410,
            435,
            452,
            457,
            461,
            465,
            466,
            471,
            505,
            524,
            547,
            565,
            585,
            608,
            610,
            619,
            629,
            639,
            651,
            676,
            680,
            682,
            717,
            725,
            729,
            755,
            758
        ],
        "locations": [
            {
                "shard": 0,
                "split": 0,
                "rows": [
                    457,
                    639,
                    629,
                    361
                ]
            },
            {
                "shard": 0,
                "split": 1,
                "rows": [
                    309,
                    220
                ]
            },
            {
                "shard": 0,
                "split": 2,
                "rows": [
                    725,
                    264,
                    608,
                    292
                ]
            },
            {
                "shard": 1,
                "split": 0,
                "rows": [
                    758,
                    465,
                    619,
                    547,
                    83,
                    335
                ]
            },
            {
                "shard": 1,
                "split": 1,
                "rows": [
                    755,
                    682,
                    167
                ]
            },
            {
                "shard": 1,
                "split": 2,
                "rows": [
                    284,
                    238
                ]
            },
            {
                "shard": 2,
                "split": 0,
                "rows": [
                    19,
                    169
                ]
            },
            {
                "shard": 2,
                "split": 1,
                "rows": [
                    680,
                    171,
                    285
                ]
            },
            {
                "shard": 2,
                "split": 2,
                "rows": [
                    452,
                    585,
                    183
                ]
            },
            {
                "shard": 3,
                "split": 0,
                "rows": [
                    610,
                    410,
                    729,
                    505,
                    651,
                    524,
                    170,
                    676
                ]
            },
            {
                "shard": 3,
                "split": 1,
                "rows": [
                    47,
                    471,
                    461,
                    161,
                    565,
                    717
                ]
            },
            {
                "shard": 3,
                "split": 2,
                "rows": [
                    160,
                    385,
                    466,
                    121,
                    435
                ]
            }
        ]
    },
    "18": {
        "original_rows": [
            33,
            36,
            49,
            56,
            69,
            209,
            213,
            247,
            249,
            299,
            304,
            318,
            358,
            413,
            433,
            443,
            456,
            499,
            513,
            539,
            562,
            581,
            595,
            601,
            606,
            646,
            664,
            666,
            704,
            708,
            747,
            766
        ],
        "locations": [
            {
                "shard": 0,
                "split": 0,
                "rows": [
                    213,
                    209,
                    581,
                    456,
                    33,
                    299
                ]
            },
            {
                "shard": 0,
                "split": 1,
                "rows": [
                    49,
                    513
                ]
            },
            {
                "shard": 0,
                "split": 2,
                "rows": [
                    606,
                    433,
                    69
                ]
            },
            {
                "shard": 1,
                "split": 0,
                "rows": [
                    56,
                    247,
                    443
                ]
            },
            {
                "shard": 1,
                "split": 1,
                "rows": [
                    766,
                    666,
                    539,
                    249
                ]
            },
            {
                "shard": 1,
                "split": 2,
                "rows": [
                    318,
                    595,
                    664
                ]
            },
            {
                "shard": 2,
                "split": 0,
                "rows": [
                    304
                ]
            },
            {
                "shard": 2,
                "split": 1,
                "rows": [
                    499,
                    704,
                    708
                ]
            },
            {
                "shard": 2,
                "split": 2,
                "rows": [
                    36
                ]
            },
            {
                "shard": 3,
                "split": 0,
                "rows": [
                    601,
                    358
                ]
            },
            {
                "shard": 3,
                "split": 1,
                "rows": [
                    747
                ]
            },
            {
                "shard": 3,
                "split": 2,
                "rows": [
                    646,
                    562,
                    413
                ]
            }
        ]
    },
    "13": {
        "original_rows": [
            68,
            71,
            74,
            118,
            126,
            130,
            135,
            145,
            272,
            319,
            322,
            350,
            357,
            372,
            405,
            428,
            444,
            462,
            469,
            491,
            509,
            521,
            526,
            537,
            538,
            546,
            552,
            553,
            589,
            591,
            602,
            611,
            635,
            636,
            688,
            719,
            737,
            746,
            759,
            765
        ],
        "locations": [
            {
                "shard": 0,
                "split": 0,
                "rows": [
                    636,
                    635
                ]
            },
            {
                "shard": 0,
                "split": 1,
                "rows": [
                    428,
                    350,
                    405,
                    118
                ]
            },
            {
                "shard": 0,
                "split": 2,
                "rows": [
                    462,
                    135,
                    746,
                    319
                ]
            },
            {
                "shard": 1,
                "split": 0,
                "rows": [
                    357,
                    145,
                    719,
                    538
                ]
            },
            {
                "shard": 1,
                "split": 1,
                "rows": [
                    74,
                    589,
                    526
                ]
            },
            {
                "shard": 1,
                "split": 2,
                "rows": [
                    68,
                    759,
                    602
                ]
            },
            {
                "shard": 2,
                "split": 0,
                "rows": [
                    444,
                    611,
                    272,
                    126
                ]
            },
            {
                "shard": 2,
                "split": 1,
                "rows": [
                    322,
                    737,
                    537,
                    521,
                    469
                ]
            },
            {
                "shard": 2,
                "split": 2,
                "rows": [
                    552,
                    591
                ]
            },
            {
                "shard": 3,
                "split": 0,
                "rows": [
                    509,
                    688,
                    553
                ]
            },
            {
                "shard": 3,
                "split": 1,
                "rows": [
                    546,
                    765
                ]
            },
            {
                "shard": 3,
                "split": 2,
                "rows": [
                    491,
                    130,
                    372,
                    71
                ]
            }
        ]
    },
    "3": {
        "original_rows": [
            11,
            27,
            45,
            85,
            86,
            100,
            103,
            105,
            109,
            147,
            166,
            196,
            200,
            215,
            229,
            233,
            244,
            246,
            251,
            263,
            283,
            289,
            294,
            298,
            301,
            317,
            353,
            377,
            414,
            421,
            434,
            451,
            453,
            463,
            485,
            496,
            536,
            545,
            559,
            569,
            593,
            615,
            623,
            645,
            702,
            703,
            730,
            741,
            749,
            763
        ],
        "locations": [
            {
                "shard": 0,
                "split": 0,
                "rows": [
                    86,
                    451
                ]
            },
            {
                "shard": 0,
                "split": 1,
                "rows": [
                    109,
                    244,
                    196,
                    763
                ]
            },
            {
                "shard": 0,
                "split": 2,
                "rows": [
                    215,
                    294,
                    377,
                    615
                ]
            },
            {
                "shard": 1,
                "split": 0,
                "rows": [
                    559,
                    703,
                    485,
                    593
                ]
            },
            {
                "shard": 1,
                "split": 1,
                "rows": [
                    749,
                    11,
                    453
                ]
            },
            {
                "shard": 1,
                "split": 2,
                "rows": [
                    623,
                    289,
                    434,
                    545,
                    645,
                    100
                ]
            },
            {
                "shard": 2,
                "split": 0,
                "rows": [
                    353,
                    298
                ]
            },
            {
                "shard": 2,
                "split": 1,
                "rows": [
                    301,
                    569,
                    45,
                    283,
                    263,
                    229
                ]
            },
            {
                "shard": 2,
                "split": 2,
                "rows": [
                    741,
                    536,
                    103,
                    421,
                    414,
                    147,
                    463
                ]
            },
            {
                "shard": 3,
                "split": 0,
                "rows": [
                    246,
                    730,
                    702,
                    496,
                    233,
                    317,
                    85
                ]
            },
            {
                "shard": 3,
                "split": 1,
                "rows": [
                    200,
                    27,
                    251,
                    105
                ]
            },
            {
                "shard": 3,
                "split": 2,
                "rows": [
                    166
                ]
            }
        ]
    },
    "14": {
        "original_rows": [
            35,
            46,
            61,
            65,
            108,
            112,
            248,
            258,
            269,
            287,
            293,
            303,
            326,
            328,
            382,
            386,
            430,
            479,
            494,
            508,
            566,
            592,
            630,
            632,
            656,
            715,
            718,
            734,
            735,
            738,
            743
        ],
        "locations": [
            {
                "shard": 0,
                "split": 0,
                "rows": [
                    328,
                    494
                ]
            },
            {
                "shard": 0,
                "split": 1,
                "rows": [
                    734,
                    65
                ]
            },
            {
                "shard": 0,
                "split": 2,
                "rows": [
                    382,
                    718
                ]
            },
            {
                "shard": 1,
                "split": 0,
                "rows": [
                    108,
                    326,
                    61,
                    632,
                    735
                ]
            },
            {
                "shard": 1,
                "split": 1,
                "rows": [
                    248
                ]
            },
            {
                "shard": 1,
                "split": 2,
                "rows": [
                    479,
                    46
                ]
            },
            {
                "shard": 2,
                "split": 0,
                "rows": [
                    715,
                    430,
                    287
                ]
            },
            {
                "shard": 2,
                "split": 1,
                "rows": [
                    743,
                    738
                ]
            },
            {
                "shard": 2,
                "split": 2,
                "rows": [
                    303,
                    656,
                    293
                ]
            },
            {
                "shard": 3,
                "split": 0,
                "rows": [
                    386,
                    112,
                    258,
                    630,
                    35
                ]
            },
            {
                "shard": 3,
                "split": 1,
                "rows": [
                    592,
                    269
                ]
            },
            {
                "shard": 3,
                "split": 2,
                "rows": [
                    508,
                    566
                ]
            }
        ]
    },
    "2": {
        "original_rows": [
            12,
            15,
            38,
            52,
            58,
            96,
            133,
            165,
            172,
            173,
            178,
            187,
            221,
            250,
            275,
            306,
            308,
            332,
            333,
            369,
            399,
            409,
            431,
            438,
            514,
            599,
            613,
            641,
            644,
            657,
            662,
            665,
            669,
            685,
            687,
            716,
            736
        ],
        "locations": [
            {
                "shard": 0,
                "split": 0,
                "rows": [
                    431
                ]
            },
            {
                "shard": 0,
                "split": 1,
                "rows": [
                    409,
                    250,
                    716,
                    662,
                    275
                ]
            },
            {
                "shard": 0,
                "split": 2,
                "rows": [
                    133,
                    306,
                    165
                ]
            },
            {
                "shard": 1,
                "split": 0,
                "rows": [
                    514,
                    685,
                    599
                ]
            },
            {
                "shard": 1,
                "split": 1,
                "rows": [
                    333,
                    178,
                    15,
                    221,
                    644
                ]
            },
            {
                "shard": 1,
                "split": 2,
                "rows": [
                    369,
                    332
                ]
            },
            {
                "shard": 2,
                "split": 0,
                "rows": [
                    669,
                    399,
                    172,
                    12,
                    38,
                    641,
                    173
                ]
            },
            {
                "shard": 2,
                "split": 1,
                "rows": [
                    736,
                    96
                ]
            },
            {
                "shard": 2,
                "split": 2,
                "rows": [
                    657,
                    665,
                    613,
                    438
                ]
            },
            {
                "shard": 3,
                "split": 1,
                "rows": [
                    687,
                    187,
                    52
                ]
            },
            {
                "shard": 3,
                "split": 2,
                "rows": [
                    58,
                    308
                ]
            }
        ]
    },
    "10": {
        "original_rows": [
            20,
            54,
            59,
            89,
            117,
            134,
            155,
            214,
            300,
            307,
            316,
            337,
            359,
            396,
            401,
            425,
            437,
            448,
            492,
            503,
            511,
            533,
            573,
            600,
            626,
            627,
            674,
            679,
            681,
            709,
            753,
            762
        ],
        "locations": [
            {
                "shard": 0,
                "split": 0,
                "rows": [
                    425,
                    300,
                    511
                ]
            },
            {
                "shard": 0,
                "split": 1,
                "rows": [
                    54,
                    396,
                    448,
                    155
                ]
            },
            {
                "shard": 1,
                "split": 0,
                "rows": [
                    762,
                    626,
                    679
                ]
            },
            {
                "shard": 1,
                "split": 1,
                "rows": [
                    89
                ]
            },
            {
                "shard": 1,
                "split": 2,
                "rows": [
                    117,
                    533,
                    307,
                    59
                ]
            },
            {
                "shard": 2,
                "split": 0,
                "rows": [
                    674,
                    709,
                    627,
                    359
                ]
            },
            {
                "shard": 2,
                "split": 1,
                "rows": [
                    753,
                    316,
                    437
                ]
            },
            {
                "shard": 2,
                "split": 2,
                "rows": [
                    503
                ]
            },
            {
                "shard": 3,
                "split": 1,
                "rows": [
                    573,
                    134,
                    492,
                    337,
                    401
                ]
            },
            {
                "shard": 3,
                "split": 2,
                "rows": [
                    600,
                    681,
                    214,
                    20
                ]
            }
        ]
    },
    "6": {
        "original_rows": [
            14,
            53,
            136,
            149,
            180,
            184,
            188,
            194,
            241,
            270,
            271,
            288,
            338,
            349,
            506,
            517,
            529,
            549,
            550,
            576,
            594,
            618,
            622,
            661,
            663,
            671,
            686,
            710,
            748
        ],
        "locations": [
            {
                "shard": 0,
                "split": 0,
                "rows": [
                    338
                ]
            },
            {
                "shard": 0,
                "split": 1,
                "rows": [
                    748
                ]
            },
            {
                "shard": 0,
                "split": 2,
                "rows": [
                    549,
                    618,
                    136,
                    594
                ]
            },
            {
                "shard": 1,
                "split": 0,
                "rows": [
                    529
                ]
            },
            {
                "shard": 1,
                "split": 1,
                "rows": [
                    671,
                    506
                ]
            },
            {
                "shard": 1,
                "split": 2,
                "rows": [
                    184,
                    188,
                    271,
                    349
                ]
            },
            {
                "shard": 2,
                "split": 0,
                "rows": [
                    149,
                    576
                ]
            },
            {
                "shard": 2,
                "split": 1,
                "rows": [
                    517,
                    622,
                    180,
                    194
                ]
            },
            {
                "shard": 2,
                "split": 2,
                "rows": [
                    53,
                    550
                ]
            },
            {
                "shard": 3,
                "split": 0,
                "rows": [
                    710
                ]
            },
            {
                "shard": 3,
                "split": 1,
                "rows": [
                    288,
                    14
                ]
            },
            {
                "shard": 3,
                "split": 2,
                "rows": [
                    241,
                    686,
                    661,
                    663,
                    270
                ]
            }
        ]
    },
    "4": {
        "original_rows": [
            9,
            34,
            48,
            51,
            55,
            60,
            123,
            129,
            181,
            198,
            240,
            254,
            256,
            282,
            321,
            348,
            393,
            398,
            406,
            442,
            446,
            447,
            455,
            472,
            488,
            527,
            528,
            558,
            579,
            584,
            637,
            678,
            699,
            701,
            726,
            761
        ],
        "locations": [
            {
                "shard": 0,
                "split": 0,
                "rows": [
                    579,
                    254
                ]
            },
            {
                "shard": 0,
                "split": 1,
                "rows": [
                    528,
                    181
                ]
            },
            {
                "shard": 0,
                "split": 2,
                "rows": [
                    55,
                    60
                ]
            },
            {
                "shard": 1,
                "split": 0,
                "rows": [
                    637,
                    51,
                    198
                ]
            },
            {
                "shard": 1,
                "split": 1,
                "rows": [
                    393,
                    256,
                    446,
                    9
                ]
            },
            {
                "shard": 2,
                "split": 0,
                "rows": [
                    398,
                    321,
                    527,
                    701
                ]
            },
            {
                "shard": 2,
                "split": 1,
                "rows": [
                    584,
                    48,
                    447,
                    442
                ]
            },
            {
                "shard": 2,
                "split": 2,
                "rows": [
                    558,
                    726,
                    488,
                    348,
                    123
                ]
            },
            {
                "shard": 3,
                "split": 0,
                "rows": [
                    129,
                    282,
                    472,
                    240
                ]
            },
            {
                "shard": 3,
                "split": 1,
                "rows": [
                    406,
                    678,
                    455
                ]
            },
            {
                "shard": 3,
                "split": 2,
                "rows": [
                    34,
                    761,
                    699
                ]
            }
        ]
    },
    "8": {
        "original_rows": [
            4,
            10,
            43,
            50,
            64,
            66,
            80,
            84,
            94,
            102,
            150,
            207,
            210,
            239,
            242,
            261,
            274,
            302,
            310,
            325,
            343,
            354,
            371,
            424,
            436,
            510,
            519,
            541,
            575,
            578,
            580,
            640,
            642,
            698,
            700,
            728
        ],
        "locations": [
            {
                "shard": 0,
                "split": 0,
                "rows": [
                    66,
                    519
                ]
            },
            {
                "shard": 0,
                "split": 1,
                "rows": [
                    210,
                    84,
                    239,
                    10,
                    728
                ]
            },
            {
                "shard": 0,
                "split": 2,
                "rows": [
                    640
                ]
            },
            {
                "shard": 1,
                "split": 0,
                "rows": [
                    302
                ]
            },
            {
                "shard": 1,
                "split": 1,
                "rows": [
                    43,
                    424
                ]
            },
            {
                "shard": 1,
                "split": 2,
                "rows": [
                    698,
                    274,
                    310,
                    371,
                    261,
                    578
                ]
            },
            {
                "shard": 2,
                "split": 0,
                "rows": [
                    436,
                    575,
                    354
                ]
            },
            {
                "shard": 2,
                "split": 1,
                "rows": [
                    94,
                    541,
                    50
                ]
            },
            {
                "shard": 2,
                "split": 2,
                "rows": [
                    207,
                    150,
                    580,
                    325
                ]
            },
            {
                "shard": 3,
                "split": 0,
                "rows": [
                    242
                ]
            },
            {
                "shard": 3,
                "split": 1,
                "rows": [
                    4,
                    642,
                    64,
                    80
                ]
            },
            {
                "shard": 3,
                "split": 2,
                "rows": [
                    510,
                    343,
                    700,
                    102
                ]
            }
        ]
    },
    "9": {
        "original_rows": [
            31,
            37,
            72,
            77,
            91,
            93,
            114,
            146,
            151,
            158,
            193,
            205,
            227,
            228,
            253,
            290,
            312,
            364,
            440,
            450,
            464,
            474,
            477,
            502,
            512,
            542,
            564,
            583,
            586,
            614,
            631,
            713,
            720,
            764
        ],
        "locations": [
            {
                "shard": 0,
                "split": 0,
                "rows": [
                    31,
                    77,
                    764
                ]
            },
            {
                "shard": 0,
                "split": 1,
                "rows": [
                    720,
                    512,
                    290,
                    72,
                    227
                ]
            },
            {
                "shard": 0,
                "split": 2,
                "rows": [
                    193,
                    158,
                    583
                ]
            },
            {
                "shard": 1,
                "split": 0,
                "rows": [
                    631,
                    586,
                    464
                ]
            },
            {
                "shard": 1,
                "split": 1,
                "rows": [
                    114,
                    477,
                    713,
                    440
                ]
            },
            {
                "shard": 1,
                "split": 2,
                "rows": [
                    93,
                    228
                ]
            },
            {
                "shard": 2,
                "split": 0,
                "rows": [
                    312,
                    450
                ]
            },
            {
                "shard": 2,
                "split": 1,
                "rows": [
                    364,
                    37
                ]
            },
            {
                "shard": 2,
                "split": 2,
                "rows": [
                    542,
                    151,
                    253,
                    146
                ]
            },
            {
                "shard": 3,
                "split": 1,
                "rows": [
                    502,
                    205
                ]
            },
            {
                "shard": 3,
                "split": 2,
                "rows": [
                    91,
                    564,
                    474,
                    614
                ]
            }
        ]
    }
}